id;unionid;remark;userid;is_leader_in_depts;is_boss;hired_date;is_senior;tel;department;work_place;order_in_depts;mobile;errmsg;active;avatar;is_admin;is_hide;jobnumber;name;extattr;state_code;position;roles;account_id;id_number
1;uniform National;matrix;plum Human;Intelligent;false;82801;true;gold Wyoming Berkshire;Supervisor;Unbranded Pizza indigo;Home Loan Account;Steel Indonesia Kids;cutting-edge Bolivar Fuerte Quality;true;Incredible;true;false;Computers District;Networked Checking Account;Sausages;wireless standardization;New Hampshire Trail e-business;salmon evolve;Garden mission-critical SMTP;Coordinator Rwanda
2;compress vertical system-worthy;array synthesize;parallelism Costa Rican Colon;Assistant THX;true;81168;true;Fish 1080p;Cambridgeshire back-end;Gorgeous Missouri;Courts Granite Beauty;Producer Fantastic Cotton Ball;Refined recontextualize;false;Dynamic generating Berkshire;false;true;Gorgeous Cotton Chair Alabama;compressing Checking Account primary;clicks-and-mortar Music Representative;lavender Cloned Avon;Administrator scalable;Tennessee Applications Australia;Toys;ivory Comoros
3;Handmade;THX;Texas;asymmetric;false;87321;false;Senior Maine;calculating Niger;leading-edge;Walks;Supervisor copying SCSI;Handmade;false;brand;false;true;firewall Chair;Garden intermediate bluetooth;synthesize input alliance;navigating quantify;matrices;Handmade Granite Computer;Practical Indian Rupee Ngultrum;compressing adapter
4;generate;feed;Idaho task-force;transmitting violet Director;true;49891;false;Keyboard digital 24/365;Mobility Versatile;Associate Directives extranet;Coordinator Fundamental;Berkshire;Beauty National;true;Bike Keyboard;false;true;Armenia Centralized robust;withdrawal IB;RAM deposit;Iraq Fresh;Liberian Dollar;white transmitting;payment RAM;Incredible Frozen Bike Analyst
5;quantify JBOD;index;mindshare cross-platform;New Leu matrix background;true;50509;true;Product synthesize;Coordinator;solid state Gloves;Future;foreground;Agent;false;SSL;true;false;optical;redundant generating;purple Angola;orchestrate compress platforms;Triple-buffered withdrawal Soft;RSS;empower Customer Minnesota;revolutionary
6;transmitting;Home Loan Account;salmon;Oklahoma;false;18955;false;reboot Boliviano Mvdol tan;indexing Personal Loan Account pixel;paradigm Ergonomic Coordinator;archive Assurance;Kansas;withdrawal maximize;false;solutions;false;true;Soft Steel Senegal;Cambridgeshire;Fish;Auto Loan Account;Nakfa;bypassing protocol Republic of Korea;hierarchy Plastic;withdrawal
7;synthesizing Montana Maryland;auxiliary Graphic Interface;CSS Fish rich;Facilitator Cheese;true;97224;false;circuit calculate;auxiliary viral;Germany;microchip;Kentucky input attitude;Generic Frozen Cheese;false;Philippines Car;false;true;Group 6th generation;Right-sized B2C Jewelery;bandwidth District Dynamic;Ergonomic hierarchy Fresh;Bedfordshire;Steel;Web;impactful Officer virtual
8;Avon Investor;hardware Books Locks;Ohio Pass;Checking Account Synergistic;true;36498;false;Human input zero tolerance;Central;sticky Rubber;SMTP copy Executive;Investment Account;redundant Engineer Massachusetts;false;Tennessee programming;false;false;Steel invoice;generating Communications;pricing structure Bedfordshire;clicks-and-mortar solid state;parsing;Ball Accounts Forge;FTP Shoes;Credit Card Account bleeding-edge
9;Research Specialist copying;Sausages;deliverables;Beauty Global Branding;false;21284;true;Maryland overriding;context-sensitive markets Data;Avon e-tailers dynamic;Industrial Road;Human Borders;Supervisor Tasty backing up;true;Progressive;false;false;Engineer archive;Music auxiliary multi-state;orange;Generic Riel;plum technologies hard drive;Solutions;Eritrea online;local area network Licensed
10;invoice Berkshire tan;Buckinghamshire vertical;orchid;online bluetooth Bike;true;9260;true;Developer Liaison;mission-critical Designer TCP;driver Personal Loan Account e-tailers;calculating visionary grey;markets copy;Burgs synthesize;true;SMTP navigate Small;false;false;compress toolset Berkshire;enterprise parse;withdrawal deposit;emulation;Operative;withdrawal;Frozen;Lithuanian Litas contingency withdrawal
