id;title;dept_id_list;userid_list;to_all_user;markdown;single_title;single_url;pdf_url;cover_url;number_of_shards;complete_sharding;msg;execute_time;agent_id;type;status;progress_in_percent;cycle;cycle_unit;retry;retry_switch;jhi_key
1;France Savings Account repurpose;indexing program;invoice stable;true;Guam panel;Summit reboot withdrawal;Incredible Fresh Keyboard;Brazilian Real;Platinum sensor;68367;true;Persistent;2020-11-05T17:00:45;19472;ActionCard;Withdraw;70175;95672;Hour;46430;false;SAS index Nebraska
2;transmitting;24 hour streamline;Montenegro;false;Incredible Wooden Ball;Bacon withdrawal Lebanon;quantifying local payment;Sleek Concrete Chips;embrace Buckinghamshire Administrator;31167;true;Chief;2020-11-05T15:53:25;8488;Voice;SentSuccessfully;94552;4825;Hour;55490;false;strategize
3;microchip Holy See (Vatican City State) American Samoa;Automotive Pula violet;deposit Niue;false;Vermont;directional;tan Mandatory;collaborative;sensor Personal Loan Account;21456;true;Bacon;2020-11-05T11:17:53;84445;File;NotSentYet;15790;7730;Week;39636;false;International Soft
4;American Samoa parse optimize;white payment;Jewelery;true;pink parsing Steel;compressing deposit;SMS invoice;parse;COM;63837;true;website Associate;2020-11-05T09:20:19;61842;Oa;SentSuccessfully;62687;34548;Week;4496;true;payment grid-enabled
5;Gorgeous Wooden Shoes Kentucky;Computers;Union US Dollar Cheese;true;haptic Managed;navigating;United States of America Sports;e-services firewall GB;Swaziland;46224;false;calculate card Missouri;2020-11-05T15:15:49;81366;Text;Sending;32957;49051;Day;54566;false;parsing Chad Computers
6;Fantastic Accountability Small;firewall Incredible Cotton Hat;Bedfordshire;false;Steel;capacitor reboot;Nepalese Rupee reboot;heuristic;interfaces Pakistan;10622;false;XSS;2020-11-06T00:06:13;89661;Markdown;Withdraw;70666;69134;Day;40393;true;Rustic
7;bypassing maroon;knowledge base Incredible unleash;Incredible;true;auxiliary viral Forest;Route;SMS Cape Verde Escudo;Guatemala maximized;Gorgeous Soft Salad;90472;true;portals Bahrain;2020-11-06T04:14:33;16112;Oa;Sending;37398;42467;Day;40691;false;quantify
8;Health IB;transmit Profit-focused invoice;Metal transform;true;Concrete Pizza withdrawal;Isle yellow navigate;strategize;human-resource;New Israeli Sheqel Borders transmit;94633;true;haptic Program leading-edge;2020-11-05T11:48:55;92777;ActionCard;Sending;188;79186;Hour;57733;false;virtual
9;withdrawal teal;Steel;experiences;true;program Security;Open-source;Unbranded pink;success;Accountability portals Serbian Dinar;29330;true;Cotton Investment Account;2020-11-05T18:56:48;29575;Voice;Withdraw;9622;92174;Month;87632;false;payment Gorgeous Brand
10;Pants Cambridgeshire;Handcrafted Summit;next generation;false;Computers Operations Multi-lateral;ubiquitous Checking Account;Ergonomic Frozen Salad deposit Sports;Naira;deposit primary;90118;true;Metrics open-source THX;2020-11-05T11:59:24;3126;Voice;SentSuccessfully;48806;18042;Month;11307;true;Rwanda Franc
