id;channel_no;account_id;pdf_url;file_name;jhi_key;pos_type;pos_x;pos_y;width;sign_type;request_no;request_time;status;signed_time;cycle;cycle_unit;retry;retry_switch;retry_count;retry_time
1;invoice Wooden Customer-focused;deposit incentivize Wooden;Legacy;Tasty;white Steel;azure River facilitate;36491;41388;78159;Iceland Krona FTP;withdrawal open-source Forward;2020-11-05T20:59:59;Effective;2020-11-05T11:54:36;34984;Month;49711;true;21689;2020-11-05T07:13:09
2;Wisconsin;Heights Louisiana Micronesia;Practical Concrete Shirt Dynamic mint green;Kazakhstan Personal Loan Account;Chilean Peso Unidades de fomento compressing;Liaison Unbranded;20264;16986;19032;calculating Movies;Computers;2020-11-05T14:19:31;NotActive;2020-11-05T15:32:59;92799;Week;89951;false;12584;2020-11-05T21:12:10
3;Rustic Frozen Gloves Money Market Account Gambia;Future;Personal Loan Account mindshare Producer;Strategist;Home Loan Account Anguilla;Senior Officer Practical;19206;79077;13627;Metal Central Alaska;sky blue pixel;2020-11-05T09:25:57;Effective;2020-11-05T14:15:14;51757;Day;71496;true;42760;2020-11-05T17:09:59
4;Bedfordshire;Supervisor;fresh-thinking connecting Awesome Metal Soap;Awesome Rubber Ball;Plastic;Bedfordshire panel CFA Franc BEAC;81576;10286;17903;Licensed;Rubber Fresh monitor;2020-11-05T22:45:45;NotActive;2020-11-05T07:33:15;83032;Hour;60959;false;19684;2020-11-05T17:12:01
5;Granite;deposit exploit;Web;invoice;e-tailers extranet Senior;Tasty Cotton Pizza bi-directional connecting;12801;60687;35627;Bedfordshire Canyon;data-warehouse Refined;2020-11-05T17:03:09;Reminded;2020-11-05T18:39:17;63095;Hour;82386;false;69537;2020-11-06T03:28:04
6;Technician initiatives Soap;transform Kentucky;Dynamic Sausages Wooden;Central Beauty;copy TCP SMS;THX;5177;81989;47369;Practical Concrete Salad;Wooden;2020-11-05T08:14:30;Reminded;2020-11-05T22:05:22;57426;Week;78263;true;89918;2020-11-05T16:36:20
7;XML Chicken Pass;Borders Investment Account;Jamaican Dollar Orchestrator granular;Licensed Gorgeous;payment;Rhode Island indexing;89641;78228;46246;grid-enabled Cloned;Handcrafted;2020-11-05T18:32:00;NotActive;2020-11-05T12:45:06;80181;Hour;94744;false;57107;2020-11-05T06:58:28
8;Ball;reboot;technologies interface Integration;networks orchestration program;bypassing Savings Account;Planner Research;87411;75470;4924;Chips Cape Verde Escudo cross-platform;Sleek Cotton Car Oregon;2020-11-05T15:42:21;NotActive;2020-11-05T15:00:47;86732;Hour;32283;true;61393;2020-11-05T19:29:15
9;Architect back up Forest;Human Tactics Intelligent;Soft Indiana software;compressing grey Visionary;client-server;cross-platform;93522;91876;42027;Steel El Salvador Colon US Dollar Delaware;syndicate violet parse;2020-11-05T06:39:36;Effective;2020-11-05T16:19:47;19072;Hour;73356;true;97535;2020-11-06T04:33:26
10;connecting extranet;Consultant;orange pink Virginia;portal;enable channels;invoice;50006;51376;61028;invoice expedite orchestrate;Handmade Frozen Ball Home;2020-11-05T06:04:13;Reminded;2020-11-06T02:38:52;58599;Hour;59556;true;69379;2020-11-05T09:43:59
